model_name,data_path,bleu,bleu_precision_1,bleu_precision_2,bleu_precision_3,bleu_precision_4,brevity_penalty,length_ratio,translation_length,reference_length,rouge1,rouge2,rougeL,rougeLsum,qwen3_embedding_distance,gemma_embedding_distance,luxembourgish_embedding_distance,language
Llama-3.1-8B-Instruct-mix-bio-history,../../data/processed/eng_test_bio_history.json,0.08291740086979264,0.2301962846126884,0.11484854116335254,0.05221518987341772,0.03424223208623969,1.0,1.0764006791171477,11412,10602,0.22977275182670565,0.059094636809312,0.22355443069403746,0.2237687040198997,"{'mean_distance': 0.3936934471130371, 'std_distance': 0.14711874723434448}","{'mean_distance': 0.39982107281684875, 'std_distance': 0.1293559968471527}","{'mean_distance': 0.25742384791374207, 'std_distance': 0.13413336873054504}",English
Llama-3.1-8B-Instruct-mix-bio-history,../../data/processed/lux_test_bio_history.json,0.00768174567078163,0.1354404555281508,0.014569289552980647,0.0027264369273689885,0.0006472282450406136,1.0,1.2486122728309634,32841,26302,0.10907060123529075,0.012133136679220393,0.07580478494850294,0.07559751866981229,"{'mean_distance': 0.6091554760932922, 'std_distance': 0.12132130563259125}","{'mean_distance': 0.6267203092575073, 'std_distance': 0.10917896032333374}","{'mean_distance': 0.4680584669113159, 'std_distance': 0.1778278350830078}",Luxembourgish
Llama-3.1-8B-Instruct-mix-bio-history,../../data/processed/eng_test_bio_history.json,0.08430264295801951,0.2323869610935857,0.11512729975840921,0.05300632911392405,0.035616148805749315,1.0,1.1313571924258947,11412,10087,0.22725849489764688,0.056758264306094125,0.21974349201622073,0.2200641297675156,"{'mean_distance': 0.39840811491012573, 'std_distance': 0.14767132699489594}","{'mean_distance': 0.40614116191864014, 'std_distance': 0.13084116578102112}","{'mean_distance': 0.25993916392326355, 'std_distance': 0.13248327374458313}",English
Llama-3.1-8B-Instruct-mix-bio-history,../../data/processed/ger_test_bio_history.json,0.09402020392332566,0.2313971371110848,0.11177411417322834,0.06805074971164937,0.04439689756619417,1.0,1.2059348027676724,16906,14019,0.19553807084808944,0.0649139132635745,0.18083629960493885,0.18323649689925967,"{'mean_distance': 0.5070289373397827, 'std_distance': 0.13826444745063782}","{'mean_distance': 0.4586775004863739, 'std_distance': 0.11504089087247849}","{'mean_distance': 0.3052332103252411, 'std_distance': 0.12611830234527588}",German
Llama-3.1-8B-Instruct-mix-bio-history,../../data/processed/ger_test_bio_history.json,0.0958878496387912,0.23423636578729445,0.11386564960629922,0.06920415224913495,0.0458010163145226,1.0,1.13501174890903,16906,14895,0.19687549941800975,0.06674198947273316,0.18284099974909668,0.18468858476761807,"{'mean_distance': 0.49893227219581604, 'std_distance': 0.1369480937719345}","{'mean_distance': 0.4512384831905365, 'std_distance': 0.11457166820764542}","{'mean_distance': 0.30515119433403015, 'std_distance': 0.1344926506280899}",German
Llama-3.1-8B-Instruct-mix-bio-history,../../data/processed/eng_test_bio_history.json,0.08168056563250059,0.22756747283561163,0.11317598959301245,0.051424050632911396,0.033608116677235254,1.0,1.0484152503445108,11412,10885,0.22152686411879624,0.055802642215990204,0.2160736126238167,0.21571488571475161,"{'mean_distance': 0.40342313051223755, 'std_distance': 0.14846572279930115}","{'mean_distance': 0.40895384550094604, 'std_distance': 0.12590529024600983}","{'mean_distance': 0.2644469141960144, 'std_distance': 0.13385841250419617}",English
Llama-3.1-8B-Instruct-mix-bio-history,../../data/processed/lux_test_bio_history.json,0.010212250582872024,0.13650619652263937,0.01584293746699388,0.004089655391053482,0.0012297336655771659,1.0,1.2605458104632863,32841,26053,0.11112139374727194,0.011456645738664952,0.07594458381368338,0.0761295154531802,"{'mean_distance': 0.6032671928405762, 'std_distance': 0.11745133996009827}","{'mean_distance': 0.6266164779663086, 'std_distance': 0.10895934700965881}","{'mean_distance': 0.4600169062614441, 'std_distance': 0.17742502689361572}",Luxembourgish
Llama-3.1-8B-Instruct-mix-bio-history,../../data/processed/ger_test_bio_history.json,0.09495865995763215,0.2327576008517686,0.1125123031496063,0.06869152889914136,0.045199251136667555,1.0,1.174353987218672,16906,14396,0.18626530994886145,0.06361428080200501,0.17270638661385412,0.17499914489067694,"{'mean_distance': 0.5081186890602112, 'std_distance': 0.13073097169399261}","{'mean_distance': 0.4573986232280731, 'std_distance': 0.11132824420928955}","{'mean_distance': 0.3079325556755066, 'std_distance': 0.1299358308315277}",German
Llama-3.1-8B-Instruct-mix-bio-history,../../data/processed/ger_test_bio_history.json,0.09259449374660075,0.2296226191884538,0.1107898622047244,0.06689734717416378,0.043193367210484085,1.0,1.1219803557207326,16906,15068,0.18798805443820973,0.06293030539200226,0.17559173211467255,0.1781892700201061,"{'mean_distance': 0.49974581599235535, 'std_distance': 0.13042664527893066}","{'mean_distance': 0.4547431766986847, 'std_distance': 0.11286003887653351}","{'mean_distance': 0.3064333498477936, 'std_distance': 0.1303429752588272}",German
Llama-3.1-8B-Instruct-mix-bio-history,../../data/processed/eng_test_bio_history.json,0.08131544207165402,0.22625306694707326,0.11289723099795577,0.05092958860759494,0.033608116677235254,1.0,1.007682119205298,11412,11325,0.22426275570304788,0.05274087921447654,0.21757834221933295,0.21802624098659068,"{'mean_distance': 0.39962542057037354, 'std_distance': 0.14796817302703857}","{'mean_distance': 0.40355637669563293, 'std_distance': 0.1282281130552292}","{'mean_distance': 0.2652718424797058, 'std_distance': 0.13136765360832214}",English
Llama-3.1-8B-Instruct-mix-bio-history,../../data/processed/lux_test_bio_history.json,0.007727016633490111,0.12654913065984594,0.013264577055698798,0.002853247947246616,0.0007443124817967056,1.0,1.301303641478781,32841,25237,0.10518848274137263,0.012937829232140435,0.07335469651511814,0.07349297810705052,"{'mean_distance': 0.6069338917732239, 'std_distance': 0.11256469041109085}","{'mean_distance': 0.6275160312652588, 'std_distance': 0.10348264873027802}","{'mean_distance': 0.4737004339694977, 'std_distance': 0.17143777012825012}",Luxembourgish
Llama-3.1-8B-Instruct-mix-bio-history,../../data/processed/lux_test_bio_history.json,0.008355945175513335,0.13263907919978077,0.013575222888384952,0.0028849507022160226,0.0009384809553088897,1.0,1.2249990674773397,32841,26809,0.10999688758298881,0.012830289126227166,0.07733576615387569,0.07727924221416292,"{'mean_distance': 0.6048825979232788, 'std_distance': 0.11459650099277496}","{'mean_distance': 0.6291115880012512, 'std_distance': 0.10653548687696457}","{'mean_distance': 0.4639274775981903, 'std_distance': 0.1695374995470047}",Luxembourgish
Llama-3.1-8B-Instruct-mix-bio-history,../../data/processed/ger_test_bio_history.json,0.09390669524758032,0.23104223352655862,0.11134350393700787,0.06798667179290016,0.04446376036373362,1.0,1.1863027155989054,16906,14251,0.19238170820290823,0.06567535419633314,0.17841017325138975,0.1806515820765003,"{'mean_distance': 0.5007932782173157, 'std_distance': 0.1331442892551422}","{'mean_distance': 0.45235586166381836, 'std_distance': 0.11401331424713135}","{'mean_distance': 0.30560728907585144, 'std_distance': 0.13485407829284668}",German
Llama-3.1-8B-Instruct-mix-bio-history,../../data/processed/lux_test_bio_history.json,0.009189777540508584,0.13126884077829543,0.014010127054145569,0.003423897536695939,0.0011326494288210738,1.0,1.3248749394868484,32841,24788,0.1099295725029415,0.013695695304568451,0.07718871470539702,0.07729785164287527,"{'mean_distance': 0.604401171207428, 'std_distance': 0.11968492716550827}","{'mean_distance': 0.6248067021369934, 'std_distance': 0.1085895523428917}","{'mean_distance': 0.46712881326675415, 'std_distance': 0.17030610144138336}",Luxembourgish
Llama-3.1-8B-Instruct-mix-bio-history,../../data/processed/eng_test_bio_history.json,0.07715566189090459,0.23037153873116017,0.11391934584649693,0.051424050632911396,0.033396744874233775,0.9416589087155309,0.9432964126301868,11412,12098,0.22721877778242477,0.053619784393780553,0.2191315896269319,0.22019805336724346,"{'mean_distance': 0.39663931727409363, 'std_distance': 0.14799506962299347}","{'mean_distance': 0.403201162815094, 'std_distance': 0.1281360238790512}","{'mean_distance': 0.2641424536705017, 'std_distance': 0.13443905115127563}",English
Llama-3.1-8B-Instruct-lux-bio-history,../../data/processed/lux_test_bio_history.json,0.008642692136542866,0.14524527267744589,0.015128452051815724,0.0031385727419712775,0.0008090353063007669,1.0,1.0936428119484498,32841,30029,0.1066199223208072,0.0112952993995926,0.07311332557708362,0.07315977216119174,"{'mean_distance': 0.6074442267417908, 'std_distance': 0.11428143829107285}","{'mean_distance': 0.624994695186615, 'std_distance': 0.1098375916481018}","{'mean_distance': 0.46106258034706116, 'std_distance': 0.17267513275146484}",Luxembourgish
Llama-3.1-8B-Instruct-lux-bio-history,../../data/processed/lux_test_bio_history.json,0.009638594903772363,0.14302244146036966,0.015811872883725264,0.003804330596328821,0.001003203779812951,1.0,1.1548686570313325,32841,28437,0.10798002183109516,0.01306008734214012,0.0749953980360184,0.07507699982844351,"{'mean_distance': 0.6026403903961182, 'std_distance': 0.1116168424487114}","{'mean_distance': 0.6190803050994873, 'std_distance': 0.10638008266687393}","{'mean_distance': 0.4602193534374237, 'std_distance': 0.16578559577465057}",Luxembourgish
Llama-3.1-8B-Instruct-lux-bio-history,../../data/processed/lux_test_bio_history.json,0.009218368409365128,0.13869857799701593,0.014786741635860955,0.0032970865168183115,0.0010679266043170123,1.0,1.1421367461918341,32841,28754,0.10741052618852878,0.013822563046400508,0.07513482604075988,0.07540747566994735,"{'mean_distance': 0.6012097597122192, 'std_distance': 0.11872906982898712}","{'mean_distance': 0.6248940825462341, 'std_distance': 0.11007121950387955}","{'mean_distance': 0.4672348201274872, 'std_distance': 0.17234160006046295}",Luxembourgish
Llama-3.1-8B-Instruct-lux-bio-history,../../data/processed/lux_test_bio_history.json,0.008629558090961813,0.14491032550774946,0.015594420800844958,0.0029166534571854292,0.0008413967185527977,1.0,1.062918729973784,32841,30897,0.10800193416639003,0.011735064257002492,0.07284838849347881,0.07294032655539265,"{'mean_distance': 0.6089684367179871, 'std_distance': 0.11105480045080185}","{'mean_distance': 0.6305718421936035, 'std_distance': 0.10744709521532059}","{'mean_distance': 0.4664337635040283, 'std_distance': 0.17086002230644226}",Luxembourgish
Llama-3.1-8B-Instruct-lux-bio-history,../../data/processed/lux_test_bio_history.json,0.009014657096337838,0.14393593374135988,0.015625485384113572,0.0033604920267571252,0.0008737581308048283,1.0,1.1231148045552477,32841,29241,0.11063089612492594,0.013572940184813215,0.07789745684513918,0.07779364351050236,"{'mean_distance': 0.6054617762565613, 'std_distance': 0.11751221865415573}","{'mean_distance': 0.6286979913711548, 'std_distance': 0.10805018991231918}","{'mean_distance': 0.4581315219402313, 'std_distance': 0.1732894480228424}",Luxembourgish
Qwen3-8B-lux-bio-history,../../data/processed/lux_test_bio_history.json,0.007771685789753558,0.13489236015955666,0.013326706222236029,0.0027264369273689885,0.0007443124817967056,1.0,1.1298379605738467,32841,29067,0.10956162097524404,0.010876143298275565,0.07458178787005934,0.0746447949709128,"{'mean_distance': 0.608924925327301, 'std_distance': 0.10990115255117416}","{'mean_distance': 0.634629487991333, 'std_distance': 0.10798399895429611}","{'mean_distance': 0.4691571593284607, 'std_distance': 0.16736088693141937}",Luxembourgish
Qwen3-8B-lux-bio-history,../../data/processed/lux_test_bio_history.json,0.008513081643929735,0.13726744009013123,0.014942064552204032,0.0032970865168183115,0.0007766738940487363,1.0,1.1538542618227812,32841,28462,0.10805746932294345,0.010997490554741763,0.07510982310872819,0.0750723829060793,"{'mean_distance': 0.6070088744163513, 'std_distance': 0.10990244150161743}","{'mean_distance': 0.633911669254303, 'std_distance': 0.10674047470092773}","{'mean_distance': 0.46597787737846375, 'std_distance': 0.16329844295978546}",Luxembourgish
Qwen3-8B-lux-bio-history,../../data/processed/lux_test_bio_history.json,0.007840357489294587,0.1274321731981365,0.013078189556087106,0.0026947341723995814,0.0008413967185527977,1.0,1.153489515647501,32841,28471,0.10516929195136235,0.011083024798875357,0.07393749843671038,0.07390959482122197,"{'mean_distance': 0.6097235679626465, 'std_distance': 0.11307086050510406}","{'mean_distance': 0.6313621997833252, 'std_distance': 0.11180457472801208}","{'mean_distance': 0.47442400455474854, 'std_distance': 0.1722722351551056}",Luxembourgish
Qwen3-8B-lux-bio-history,../../data/processed/lux_test_bio_history.json,0.006750626968563891,0.1353186565573521,0.012984995806281258,0.0022825983577972925,0.0005177825960324909,1.0,1.0793019587222294,32841,30428,0.10624704771407925,0.010421802341447788,0.07383513965410778,0.0738123774027191,"{'mean_distance': 0.6138455271720886, 'std_distance': 0.10840742290019989}","{'mean_distance': 0.6410509347915649, 'std_distance': 0.10523068904876709}","{'mean_distance': 0.4715327322483063, 'std_distance': 0.16634631156921387}",Luxembourgish
Qwen3-1.7B-eng-bio-history,../../data/processed/eng_test_bio_history.json,0.056617865358394595,0.23641780581843674,0.11178219661772905,0.04835838607594937,0.03128302684421898,0.7120248392452208,0.7464678178963893,11412,15288,0.20293613269507543,0.045740044817486405,0.19461870435395853,0.1949526868716961,"{'mean_distance': 0.4202437698841095, 'std_distance': 0.14152981340885162}","{'mean_distance': 0.4381083846092224, 'std_distance': 0.12683895230293274}","{'mean_distance': 0.27431848645210266, 'std_distance': 0.12854525446891785}",English
Qwen3-1.7B-eng-bio-history,../../data/processed/eng_test_bio_history.json,0.056165339837115934,0.22730459165790395,0.1095521278572756,0.04806170886075949,0.03138871274571972,0.7174108754215897,0.7506906985922905,11412,15202,0.20096652554152966,0.04493442597793218,0.19536190273343707,0.19552076896790843,"{'mean_distance': 0.4188733398914337, 'std_distance': 0.14052049815654755}","{'mean_distance': 0.4370432198047638, 'std_distance': 0.1273777186870575}","{'mean_distance': 0.27461013197898865, 'std_distance': 0.12604989111423492}",English
Qwen3-1.7B-eng-bio-history,../../data/processed/eng_test_bio_history.json,0.04769793795420657,0.22940764107956538,0.10806541535030663,0.04519382911392405,0.029380680617205664,0.629710166488069,0.6837627321749551,11412,16690,0.20094221814068264,0.04222722808095752,0.19420756235661207,0.19434307958433766,"{'mean_distance': 0.4237949848175049, 'std_distance': 0.1402878761291504}","{'mean_distance': 0.43745285272598267, 'std_distance': 0.1269773542881012}","{'mean_distance': 0.2760351002216339, 'std_distance': 0.13043048977851868}",English
Qwen3-1.7B-eng-bio-history,../../data/processed/eng_test_bio_history.json,0.05509951751677082,0.2302839116719243,0.1090875301988478,0.04746835443037975,0.030754597336715282,0.7080428862033301,0.7433559145388223,11412,15352,0.20071644470226435,0.043806199213079475,0.19259887733166597,0.19280263652073742,"{'mean_distance': 0.4229069650173187, 'std_distance': 0.13966839015483856}","{'mean_distance': 0.4355567395687103, 'std_distance': 0.12306521087884903}","{'mean_distance': 0.2726527750492096, 'std_distance': 0.12834233045578003}",English
Qwen3-1.7B-eng-bio-history,../../data/processed/eng_test_bio_history.json,0.0683034860505165,0.23484051875219067,0.10853001300873444,0.045589398734177215,0.029909110124709364,0.889601095459366,0.8952694751706284,11412,12747,0.20581717561772206,0.04525168801820627,0.19782690391591168,0.19852206320859783,"{'mean_distance': 0.42127442359924316, 'std_distance': 0.1404055505990982}","{'mean_distance': 0.43192270398139954, 'std_distance': 0.12199557572603226}","{'mean_distance': 0.27660852670669556, 'std_distance': 0.13289999961853027}",English
Ministral-8B-Instruct-2410-ger-bio-history,../../data/processed/ger_test_bio_history.json,0.09280293166419186,0.24482432272565952,0.11312746062992125,0.06747404844290658,0.04366140679326023,0.9764441828092946,0.9767173146917788,16906,17309,0.18205822012491962,0.05928955800604311,0.16600682076119266,0.16844593321349402,"{'mean_distance': 0.5082477927207947, 'std_distance': 0.13063973188400269}","{'mean_distance': 0.45922449231147766, 'std_distance': 0.10980343818664551}","{'mean_distance': 0.30327844619750977, 'std_distance': 0.1278933584690094}",German
Ministral-8B-Instruct-2410-ger-bio-history,../../data/processed/ger_test_bio_history.json,0.08151722649415356,0.24269490121850232,0.11202017716535433,0.06766628219915417,0.04386199518587858,0.860092168993651,0.8690243651691169,16906,19454,0.17833771618793776,0.060609491045720415,0.16336246269004778,0.16592051877334119,"{'mean_distance': 0.500114381313324, 'std_distance': 0.1363094300031662}","{'mean_distance': 0.4540199637413025, 'std_distance': 0.11417853832244873}","{'mean_distance': 0.30338534712791443, 'std_distance': 0.1329350620508194}",German
Ministral-8B-Instruct-2410-ger-bio-history,../../data/processed/ger_test_bio_history.json,0.08271180368100799,0.23873181119129303,0.10857529527559055,0.06446238626169422,0.04092003209414282,0.9095918859287562,0.9134428355305814,16906,18508,0.18071100356065767,0.05631602758637566,0.16622780184740357,0.1689236944633245,"{'mean_distance': 0.5046091079711914, 'std_distance': 0.1320255696773529}","{'mean_distance': 0.45779767632484436, 'std_distance': 0.11284581571817398}","{'mean_distance': 0.3044835031032562, 'std_distance': 0.1272522509098053}",German
Ministral-8B-Instruct-2410-ger-bio-history,../../data/processed/ger_test_bio_history.json,0.08618391695960045,0.24086123269845025,0.10851377952755906,0.06407791874919902,0.040184541321208876,0.9515276799298779,0.9526653893835231,16906,17746,0.18219176442572255,0.057830940428823106,0.16849868493428222,0.16985474311460927,"{'mean_distance': 0.49654489755630493, 'std_distance': 0.13144920766353607}","{'mean_distance': 0.4533732831478119, 'std_distance': 0.11121819913387299}","{'mean_distance': 0.2979862689971924, 'std_distance': 0.1253454089164734}",German
Ministral-8B-Instruct-2410-ger-bio-history,../../data/processed/ger_test_bio_history.json,0.09032543239450931,0.24192594345202886,0.11220472440944881,0.06760220428040498,0.04372826959079968,0.9543460170702142,0.9553571428571429,16906,17696,0.18679842963894305,0.06223974436455052,0.173310193408456,0.1757534135101942,"{'mean_distance': 0.4986593425273895, 'std_distance': 0.13412313163280487}","{'mean_distance': 0.45331326127052307, 'std_distance': 0.11200211197137833}","{'mean_distance': 0.30226969718933105, 'std_distance': 0.12960195541381836}",German
Llama-3.1-8B-Instruct-ger-bio-history,../../data/processed/ger_test_bio_history.json,0.09524478110360468,0.23772625103513545,0.11318897637795275,0.06837113930539536,0.04473121155389141,1.0,1.1531273446558898,16906,14661,0.19489588391696816,0.06343590986285383,0.18017345147762487,0.18165604099112442,"{'mean_distance': 0.5005168914794922, 'std_distance': 0.13780036568641663}","{'mean_distance': 0.44813308119773865, 'std_distance': 0.11160381883382797}","{'mean_distance': 0.30165791511535645, 'std_distance': 0.12952755391597748}",German
Llama-3.1-8B-Instruct-ger-bio-history,../../data/processed/ger_test_bio_history.json,0.0971861174086593,0.24328640719271263,0.11528051181102363,0.06965269768037934,0.0456672907194437,1.0,1.073533147066294,16906,15748,0.19595967420720212,0.06326141840168345,0.18125272218868752,0.1837456376080901,"{'mean_distance': 0.5039322376251221, 'std_distance': 0.1367805153131485}","{'mean_distance': 0.45295020937919617, 'std_distance': 0.11243189871311188}","{'mean_distance': 0.309211790561676, 'std_distance': 0.13075479865074158}",German
Llama-3.1-8B-Instruct-ger-bio-history,../../data/processed/ger_test_bio_history.json,0.09439957753530236,0.23506447415118892,0.11294291338582677,0.06798667179290016,0.043995720780957474,1.0,1.0624685771744595,16906,15912,0.18929259746996002,0.06138253789968044,0.1752569875303664,0.17698405992971994,"{'mean_distance': 0.5070676803588867, 'std_distance': 0.13371171057224274}","{'mean_distance': 0.46144142746925354, 'std_distance': 0.11087573319673538}","{'mean_distance': 0.30812278389930725, 'std_distance': 0.1280898004770279}",German
Llama-3.1-8B-Instruct-ger-bio-history,../../data/processed/ger_test_bio_history.json,0.09239616783247213,0.23441381757955757,0.11029773622047244,0.0658721004741766,0.042792190425247394,1.0,1.0924717285945074,16906,15475,0.19061330173121777,0.06244698772941454,0.1775036901881502,0.1790250396880391,"{'mean_distance': 0.5048710107803345, 'std_distance': 0.1314784735441208}","{'mean_distance': 0.4592342972755432, 'std_distance': 0.11219485104084015}","{'mean_distance': 0.3045552372932434, 'std_distance': 0.12970757484436035}",German
Llama-3.1-8B-Instruct-ger-bio-history,../../data/processed/ger_test_bio_history.json,0.0948502004652629,0.23636578729445168,0.1125123031496063,0.06824298346789696,0.044597485958812515,1.0,1.086434033802455,16906,15561,0.1913108452961743,0.06459985941454437,0.17732614370722305,0.17960391300743087,"{'mean_distance': 0.503650426864624, 'std_distance': 0.13576748967170715}","{'mean_distance': 0.4554406702518463, 'std_distance': 0.11391512304544449}","{'mean_distance': 0.307253360748291, 'std_distance': 0.1347755491733551}",German
Qwen3-0.6B,../../data/processed/eng_test_bio_history.json,0.02173001656242156,0.2657728706624606,0.08307006132689092,0.02600870253164557,0.015324455717607271,0.3989746718628761,0.5211434834231436,11412,21898,0.15331022873773842,0.02589349960631746,0.1370955865389634,0.13864133904756548,"{'mean_distance': 0.45205068588256836, 'std_distance': 0.12354332208633423}","{'mean_distance': 0.47566768527030945, 'std_distance': 0.11750815808773041}","{'mean_distance': 0.3297421634197235, 'std_distance': 0.13625885546207428}",English
Qwen3-0.6B,../../data/processed/eng_test_bio_history.json,0.021103714589305936,0.26796354714335785,0.08260546366846311,0.026206487341772153,0.016169942929613188,0.3813365708660163,0.5091460694208977,11412,22414,0.1544795557666785,0.025149051746511795,0.1383547550606896,0.13955379519035002,"{'mean_distance': 0.45714786648750305, 'std_distance': 0.12659700214862823}","{'mean_distance': 0.47822707891464233, 'std_distance': 0.12471815198659897}","{'mean_distance': 0.33616459369659424, 'std_distance': 0.13757750391960144}",English
Qwen3-0.6B,../../data/processed/eng_test_bio_history.json,0.02099075164741397,0.2666491412548195,0.08176918788329307,0.025909810126582278,0.01606425702811245,0.3824408750261656,0.5098967874536438,11412,22381,0.15809442559283032,0.02436937523332188,0.14083491410868865,0.14165393963820666,"{'mean_distance': 0.44930052757263184, 'std_distance': 0.1265588253736496}","{'mean_distance': 0.47728604078292847, 'std_distance': 0.12519176304340363}","{'mean_distance': 0.3332679569721222, 'std_distance': 0.1379469633102417}",English
Qwen3-0.6B,../../data/processed/eng_test_bio_history.json,0.021387922674583396,0.2696284612688398,0.08316298085857647,0.02610759493670886,0.016275628831113928,0.3849625649508356,0.5116112256791895,11412,22306,0.1550518297111359,0.026390573083993223,0.13822455335014971,0.1396560875202214,"{'mean_distance': 0.4490750730037689, 'std_distance': 0.12328741699457169}","{'mean_distance': 0.47570204734802246, 'std_distance': 0.12367583066225052}","{'mean_distance': 0.3287397623062134, 'std_distance': 0.1360653042793274}",English
Qwen3-0.6B,../../data/processed/eng_test_bio_history.json,0.020224896289100736,0.26752541184717843,0.08204794647834975,0.025415348101265823,0.015218769816106531,0.3746788782178181,0.5046208268848109,11412,22615,0.15703320305384683,0.024977900208473965,0.13946209198687187,0.141103987518316,"{'mean_distance': 0.45385417342185974, 'std_distance': 0.12585698068141937}","{'mean_distance': 0.47890833020210266, 'std_distance': 0.12509889900684357}","{'mean_distance': 0.3313579261302948, 'std_distance': 0.14047273993492126}",English
Llama-3.1-8B-Instruct,../../data/processed/eng_test_bio.json,0.0004932249908030033,0.2543813529617946,0.039119122839620886,0.008010284810126582,0.0032762629465229337,0.021818244343346154,0.20725350961625774,11412,55063,0.08448720667636614,0.009574941535085452,0.06568217492687284,0.06772966173186512,"{'mean_distance': 0.5102092027664185, 'std_distance': 0.12039938569068909}","{'mean_distance': 0.5486472845077515, 'std_distance': 0.11859364062547684}","{'mean_distance': 0.437140554189682, 'std_distance': 0.1590684950351715}",English
Llama-3.1-8B-Instruct,../../data/processed/ger_test_bio_history.json,0.06466203980182607,0.2632793091210221,0.09891732283464567,0.05164680251185441,0.029152179727199787,0.817143841039176,0.8319881889763779,16906,20320,0.17337261512748925,0.040924915017709784,0.15183037717253803,0.1543033389894269,"{'mean_distance': 0.5071561336517334, 'std_distance': 0.12150587886571884}","{'mean_distance': 0.46254995465278625, 'std_distance': 0.0998537689447403}","{'mean_distance': 0.29671528935432434, 'std_distance': 0.12061382085084915}",German
Llama-3.1-8B-Instruct,../../data/processed/ger_test_bio_history.json,0.06537912129008082,0.2631610079261801,0.09959399606299213,0.051710880430603616,0.029085316929660338,0.8251092793359245,0.8387576900178607,16906,20156,0.17374703840387906,0.04173107931417,0.15367017185605142,0.15596085754126682,"{'mean_distance': 0.5071278810501099, 'std_distance': 0.11798818409442902}","{'mean_distance': 0.45975810289382935, 'std_distance': 0.10102225840091705}","{'mean_distance': 0.2975376546382904, 'std_distance': 0.12069975584745407}",German
Llama-3.1-8B-Instruct,../../data/processed/eng_test_bio.json,0.0004097006275880258,0.25052576235541535,0.035866939230626275,0.007515822784810127,0.0029592052420207146,0.019377245747500212,0.20227945477427017,11412,56417,0.083100512215811,0.008980048770863908,0.06468923990913572,0.06736860886055418,"{'mean_distance': 0.5131500959396362, 'std_distance': 0.12232481688261032}","{'mean_distance': 0.5557283759117126, 'std_distance': 0.11839569360017776}","{'mean_distance': 0.4394589364528656, 'std_distance': 0.16028493642807007}",English
Llama-3.1-8B-Instruct,../../data/processed/ger_test_bio_history.json,0.06327694831698476,0.26333845971844316,0.09737942913385826,0.05081378956811483,0.028483551751805294,0.8106926123991016,0.8265375965581304,16906,20454,0.17200094064630234,0.040669809270582655,0.1505638225164984,0.152681064269912,"{'mean_distance': 0.510441780090332, 'std_distance': 0.11967195570468903}","{'mean_distance': 0.46693307161331177, 'std_distance': 0.10202385485172272}","{'mean_distance': 0.29760703444480896, 'std_distance': 0.11875229328870773}",German
Llama-3.1-8B-Instruct,../../data/processed/eng_test_bio.json,0.0006730492317461716,0.2514896600070102,0.03986247909310537,0.013746044303797469,0.009300359332065102,0.02000351684955859,0.20358939593962963,11412,56054,0.08467412305718924,0.010187163638578422,0.06592100949537821,0.06834862680553466,"{'mean_distance': 0.5137582421302795, 'std_distance': 0.11967640370130539}","{'mean_distance': 0.552325427532196, 'std_distance': 0.11358166486024857}","{'mean_distance': 0.44110220670700073, 'std_distance': 0.15917816758155823}",English
Llama-3.1-8B-Instruct,../../data/processed/eng_test_history.json,0.05521646948464366,0.24272695408342096,0.09533543950938488,0.031546677215189875,0.019446205876136123,0.8995564346323955,0.9042789223454833,11412,12620,0.18836076787302838,0.03356063326766158,0.17571587539663525,0.17613310071530242,"{'mean_distance': 0.41906362771987915, 'std_distance': 0.12615172564983368}","{'mean_distance': 0.41484370827674866, 'std_distance': 0.10888693481683731}","{'mean_distance': 0.27210551500320435, 'std_distance': 0.11968522518873215}",English
Llama-3.1-8B-Instruct,../../data/processed/eng_test_history.json,0.05223919702920229,0.23755695758850334,0.09301245121724587,0.02937104430379747,0.018283660959627985,0.8900689372027063,0.8956910760536849,11412,12741,0.17472946566641331,0.02296441704151254,0.1646306902379054,0.16486695003165217,"{'mean_distance': 0.43263548612594604, 'std_distance': 0.11911693215370178}","{'mean_distance': 0.42815420031547546, 'std_distance': 0.10307449847459793}","{'mean_distance': 0.2823919355869293, 'std_distance': 0.11612440645694733}",English
Llama-3.1-8B-Instruct,../../data/processed/eng_test_bio.json,0.000425710867434361,0.2562215212057483,0.03828284705445085,0.008010284810126582,0.002747833439019235,0.01974923092188759,0.20306049822064057,11412,56200,0.08499690809798557,0.008781814031369337,0.06577416056343095,0.06749496513699461,"{'mean_distance': 0.5123867392539978, 'std_distance': 0.12316660583019257}","{'mean_distance': 0.5518743395805359, 'std_distance': 0.11940193921327591}","{'mean_distance': 0.4374159574508667, 'std_distance': 0.16107916831970215}",English
Llama-3.1-8B-Instruct,../../data/processed/eng_test_bio_history.json,0.05318182574924466,0.23308797756747285,0.09356996840735923,0.03026107594936709,0.018600718664130204,0.8984535544759578,0.9032768719328795,11412,12634,0.19064545046022913,0.03745213183499185,0.18095538789980353,0.18164426799014352,"{'mean_distance': 0.41614291071891785, 'std_distance': 0.13069996237754822}","{'mean_distance': 0.41796451807022095, 'std_distance': 0.11373785138130188}","{'mean_distance': 0.26523682475090027, 'std_distance': 0.12238720059394836}",English
Llama-3.1-8B-Instruct,../../data/processed/eng_test_bio_history.json,0.05108085359555168,0.23843322818086224,0.09347704887567367,0.03026107594936709,0.018706404565630944,0.85708033562783,0.8663832371697541,11412,13172,0.18617312120490487,0.03394686209295163,0.17695750357925624,0.17737465274411832,"{'mean_distance': 0.42151156067848206, 'std_distance': 0.13165155053138733}","{'mean_distance': 0.41959360241889954, 'std_distance': 0.11394185572862625}","{'mean_distance': 0.27436524629592896, 'std_distance': 0.12655168771743774}",English
Llama-3.1-8B-Instruct,../../data/processed/lux_test_bio_history.json,0.006411598455220726,0.16978776529338327,0.017271908297350192,0.004026249881114669,0.0005177825960324909,0.7250911313011233,0.7567399419328079,32841,43398,0.11030949949128682,0.011091830107008406,0.07432508424131151,0.0743135813141085,"{'mean_distance': 0.5782595872879028, 'std_distance': 0.11916670203208923}","{'mean_distance': 0.6181482076644897, 'std_distance': 0.11207093298435211}","{'mean_distance': 0.41086500883102417, 'std_distance': 0.16993892192840576}",Luxembourgish
Llama-3.1-8B-Instruct,../../data/processed/ger_test_bio_history.json,0.06340637014765099,0.2632201585236011,0.0984867125984252,0.05119825708061002,0.028617277346884195,0.80767719834228,0.8239996100794463,16906,20517,0.16831474522094225,0.038384747382013196,0.14961055929313205,0.1523060625209702,"{'mean_distance': 0.5088024735450745, 'std_distance': 0.11476093530654907}","{'mean_distance': 0.46484455466270447, 'std_distance': 0.10087123513221741}","{'mean_distance': 0.29781147837638855, 'std_distance': 0.12150711566209793}",German
Llama-3.1-8B-Instruct,../../data/processed/lux_test_bio_history.json,0.007621772740180406,0.17179744831156177,0.017924264545991116,0.003994547126145262,0.0008090353063007669,0.7631022353186362,0.787176414189837,32841,41720,0.11269186538567005,0.013371135585486792,0.0771879857734081,0.07737088496646607,"{'mean_distance': 0.5799432992935181, 'std_distance': 0.119416244328022}","{'mean_distance': 0.6220645904541016, 'std_distance': 0.10975243151187897}","{'mean_distance': 0.4133042097091675, 'std_distance': 0.1670003980398178}",Luxembourgish
Llama-3.1-8B-Instruct,../../data/processed/eng_test_history.json,0.055423592702489755,0.2400981423063442,0.09617171529455491,0.03273338607594937,0.020186007186641302,0.886799204565208,0.8927481811781272,11412,12783,0.18157521321090636,0.02923043644757803,0.17107213098939433,0.17141814932163096,"{'mean_distance': 0.4296596646308899, 'std_distance': 0.12267933040857315}","{'mean_distance': 0.4241155982017517, 'std_distance': 0.10526902973651886}","{'mean_distance': 0.2821153402328491, 'std_distance': 0.1217372715473175}",English
Llama-3.1-8B-Instruct,../../data/processed/eng_test_history.json,0.054808631054608176,0.2422011917280056,0.09607879576286936,0.03283227848101266,0.019551891777636863,0.881608048517784,0.8880933852140078,11412,12850,0.18254427706602683,0.031507840566010054,0.1697552734045875,0.1701755715091952,"{'mean_distance': 0.43063658475875854, 'std_distance': 0.12456302344799042}","{'mean_distance': 0.4221362769603729, 'std_distance': 0.10870224982500076}","{'mean_distance': 0.2744835913181305, 'std_distance': 0.11673847585916519}",English
Llama-3.1-8B-Instruct,../../data/processed/eng_test_bio_history.json,0.05449680674158167,0.23335085874518052,0.09264077309050363,0.03026107594936709,0.018600718664130204,0.9227087509459003,0.9255474452554745,11412,12330,0.1871745117371843,0.029202925093573123,0.17759960131778463,0.17764878301774273,"{'mean_distance': 0.421705037355423, 'std_distance': 0.13178426027297974}","{'mean_distance': 0.4197811186313629, 'std_distance': 0.11059153079986572}","{'mean_distance': 0.2700831890106201, 'std_distance': 0.12435242533683777}",English
Llama-3.1-8B-Instruct,../../data/processed/eng_test_bio_history.json,0.05419108262045078,0.23098492814581142,0.09356996840735923,0.030854430379746837,0.018600718664130204,0.9131370862477352,0.9167001365571532,11412,12449,0.19432837053069182,0.03471133340021705,0.18416717212638203,0.18434013055050144,"{'mean_distance': 0.4191725552082062, 'std_distance': 0.1359487622976303}","{'mean_distance': 0.41570693254470825, 'std_distance': 0.11786908656358719}","{'mean_distance': 0.2703394591808319, 'std_distance': 0.12614946067333221}",English
Llama-3.1-8B-Instruct,../../data/processed/lux_test_bio_history.json,0.006867912071761129,0.17532961846472397,0.01817278121214004,0.003931141616206449,0.0005177825960324909,0.7653128765045404,0.788972972972973,32841,41625,0.11554373719718253,0.012473279644270939,0.07801158294507371,0.07806099470825416,"{'mean_distance': 0.5799574255943298, 'std_distance': 0.11872561275959015}","{'mean_distance': 0.6219853162765503, 'std_distance': 0.11219945549964905}","{'mean_distance': 0.4089401364326477, 'std_distance': 0.1699594259262085}",Luxembourgish
Llama-3.1-8B-Instruct,../../data/processed/ger_test_bio_history.json,0.06346551350043911,0.26730154974565246,0.0999630905511811,0.05145456875560682,0.027280021396095214,0.8109803811752556,0.8267801251956182,16906,20448,0.17428109919518675,0.040821976210873016,0.1529685847561733,0.15517276068625074,"{'mean_distance': 0.5096314549446106, 'std_distance': 0.12076349556446075}","{'mean_distance': 0.4652082622051239, 'std_distance': 0.10172359645366669}","{'mean_distance': 0.29778334498405457, 'std_distance': 0.1212519034743309}",German
Llama-3.1-8B-Instruct,../../data/processed/lux_test_bio_history.json,0.006543085389687529,0.17277184007795135,0.018017458295796963,0.004374980185778144,0.0004530597715284295,0.7382578421858117,0.7671876095031186,32841,42807,0.11094364332725623,0.011444471949400055,0.07657097409867422,0.07678920235977958,"{'mean_distance': 0.577182412147522, 'std_distance': 0.12108619511127472}","{'mean_distance': 0.6198446750640869, 'std_distance': 0.11189459264278412}","{'mean_distance': 0.4063684940338135, 'std_distance': 0.16751812398433685}",Luxembourgish
Llama-3.1-8B-Instruct,../../data/processed/eng_test_history.json,0.05470613713673984,0.24132492113564669,0.095521278572756,0.03214003164556962,0.019657577679137603,0.8855567540441543,0.8916321587624033,11412,12799,0.18246990857366602,0.028861400338667218,0.17106327663571613,0.17124830999268914,"{'mean_distance': 0.4286004602909088, 'std_distance': 0.12501899898052216}","{'mean_distance': 0.42072463035583496, 'std_distance': 0.10401200503110886}","{'mean_distance': 0.2744795083999634, 'std_distance': 0.11475510895252228}",English
Llama-3.1-8B-Instruct,../../data/processed/eng_test_bio.json,0.00041926815697282177,0.24938661058534875,0.034566065787028435,0.007515822784810127,0.0031705770450221942,0.019693930346459713,0.2029449423815621,11412,56232,0.0832984627630619,0.009517486491080009,0.06610004545735682,0.06851340253989185,"{'mean_distance': 0.5148451328277588, 'std_distance': 0.11862999945878983}","{'mean_distance': 0.5500088930130005, 'std_distance': 0.11769415438175201}","{'mean_distance': 0.44023850560188293, 'std_distance': 0.15217909216880798}",English
Llama-3.1-8B-Instruct,../../data/processed/eng_test_bio_history.json,0.05279990362431106,0.234577637574483,0.09422040512915815,0.030854430379746837,0.018177975058127245,0.8898349855843393,0.8954802259887006,11412,12744,0.19317919027264038,0.03545018430247954,0.1826401801826054,0.18264392598565457,"{'mean_distance': 0.41948941349983215, 'std_distance': 0.13694673776626587}","{'mean_distance': 0.41825562715530396, 'std_distance': 0.11789795756340027}","{'mean_distance': 0.27503564953804016, 'std_distance': 0.12649396061897278}",English
Llama-3.1-8B-Instruct-eng-bio-history,../../data/processed/eng_test_bio_history.json,0.0815580093291638,0.23326323168594462,0.11419810444155361,0.05053401898734177,0.03286831536673008,1.0,1.0720526068576797,11412,10645,0.2326924330796944,0.057165716550998946,0.2245528802874451,0.22507774829303578,"{'mean_distance': 0.3969103991985321, 'std_distance': 0.14976076781749725}","{'mean_distance': 0.40013381838798523, 'std_distance': 0.12749451398849487}","{'mean_distance': 0.2597405016422272, 'std_distance': 0.13458986580371857}",English
Llama-3.1-8B-Instruct-eng-bio-history,../../data/processed/eng_test_bio_history.json,0.08271650080755473,0.23887136347704171,0.11726444898717711,0.053303006329113924,0.03445360388924117,0.976703963060345,0.9769711497303313,11412,11681,0.2316491668754745,0.057554585342000295,0.2240189414817445,0.2241593685006068,"{'mean_distance': 0.39689603447914124, 'std_distance': 0.14459162950515747}","{'mean_distance': 0.40126878023147583, 'std_distance': 0.1252809315919876}","{'mean_distance': 0.26047202944755554, 'std_distance': 0.13337844610214233}",English
Llama-3.1-8B-Instruct-eng-bio-history,../../data/processed/eng_test_bio_history.json,0.08404554184565073,0.23168594461969858,0.11531313882178033,0.05290743670886076,0.03529909110124709,1.0,1.087685855890202,11412,10492,0.22577385780166984,0.05749838419068615,0.21892507025256455,0.21891355447381405,"{'mean_distance': 0.39839187264442444, 'std_distance': 0.1500503271818161}","{'mean_distance': 0.4021322429180145, 'std_distance': 0.12579119205474854}","{'mean_distance': 0.2594969868659973, 'std_distance': 0.1306018978357315}",English
Llama-3.1-8B-Instruct-eng-bio-history,../../data/processed/eng_test_bio_history.json,0.08425992567207323,0.23159831756046267,0.11559189741683702,0.05350079113924051,0.035193405199746355,1.0,1.0559822337373925,11412,10807,0.2270658068893449,0.057807595913275396,0.21902251049913657,0.2195170317206055,"{'mean_distance': 0.3968028426170349, 'std_distance': 0.1460556983947754}","{'mean_distance': 0.40289101004600525, 'std_distance': 0.12678684294223785}","{'mean_distance': 0.2610194683074951, 'std_distance': 0.13241815567016602}",English
Llama-3.1-8B-Instruct-eng-bio-history,../../data/processed/eng_test_bio_history.json,0.08209979827763488,0.22739221871713985,0.1130830700613269,0.05191851265822785,0.034030860283238214,1.0,1.0203862660944205,11412,11184,0.22772137030874473,0.05484294549167406,0.22136065491811813,0.2216114961629555,"{'mean_distance': 0.395729124546051, 'std_distance': 0.14724498987197876}","{'mean_distance': 0.4039093852043152, 'std_distance': 0.1276555210351944}","{'mean_distance': 0.2635286748409271, 'std_distance': 0.1346556842327118}",English
Qwen3-4B,../../data/processed/eng_test_bio_history.json,0.03719720972367265,0.26402032947774273,0.09635755435792603,0.03214003164556962,0.019340519974635383,0.5898627449424505,0.6545079146593256,11412,17436,0.18044568478452122,0.03186645042676288,0.16687821059219932,0.16768772103984997,"{'mean_distance': 0.4223918616771698, 'std_distance': 0.12526068091392517}","{'mean_distance': 0.4304964542388916, 'std_distance': 0.11138610541820526}","{'mean_distance': 0.2777719497680664, 'std_distance': 0.12812086939811707}",English
Qwen3-4B,../../data/processed/eng_test_bio_history.json,0.03719279389116736,0.26261829652996843,0.09710091061141052,0.032535601265822785,0.019551891777636863,0.58605021191131,0.651741861793261,11412,17510,0.17694374766127913,0.029950677853733666,0.16301585209433922,0.16369683212819952,"{'mean_distance': 0.425138920545578, 'std_distance': 0.12810660898685455}","{'mean_distance': 0.4317774474620819, 'std_distance': 0.11124768853187561}","{'mean_distance': 0.28182536363601685, 'std_distance': 0.12495969980955124}",English
Qwen3-4B,../../data/processed/eng_test_bio_history.json,0.035363375155360276,0.26480897301086576,0.09719383014309609,0.03273338607594937,0.019763263580638343,0.5536030331577295,0.6284140969162996,11412,18160,0.18081308294335827,0.03023807758385617,0.1659560972583001,0.16717958062906382,"{'mean_distance': 0.422489732503891, 'std_distance': 0.12560608983039856}","{'mean_distance': 0.42908626794815063, 'std_distance': 0.10932786762714386}","{'mean_distance': 0.2793545424938202, 'std_distance': 0.12694667279720306}",English
Qwen3-4B,../../data/processed/eng_test_bio_history.json,0.0389773631210077,0.2643708377146863,0.09840178405500837,0.0334256329113924,0.019868949482139082,0.6045673497277176,0.6652287962693092,11412,17155,0.17904738946383525,0.03163428464407432,0.16649661306013064,0.16712402014782224,"{'mean_distance': 0.4243471920490265, 'std_distance': 0.12669426202774048}","{'mean_distance': 0.4300090968608856, 'std_distance': 0.11035021394491196}","{'mean_distance': 0.2792370319366455, 'std_distance': 0.1267315000295639}",English
Qwen3-4B,../../data/processed/eng_test_bio_history.json,0.04007903602054863,0.265422362425517,0.09942389890354952,0.03431566455696203,0.02060875079264426,0.6097813983599512,0.6690508295714369,11412,17057,0.18342099349693888,0.03163363998667047,0.17015559279632889,0.17082897392845797,"{'mean_distance': 0.418221116065979, 'std_distance': 0.12837399542331696}","{'mean_distance': 0.4306131601333618, 'std_distance': 0.11227313429117203}","{'mean_distance': 0.275739848613739, 'std_distance': 0.12461947649717331}",English
Qwen3-8B-ger-bio-history,../../data/processed/ger_test_bio_history.json,0.0951315235780997,0.24186679285460783,0.11269685039370078,0.06798667179290016,0.04419630917357582,1.0,1.080462708506423,16906,15647,0.18911028641353572,0.06027819341614468,0.17301275116691628,0.1757228682937609,"{'mean_distance': 0.5092375874519348, 'std_distance': 0.13526612520217896}","{'mean_distance': 0.46299514174461365, 'std_distance': 0.1170862466096878}","{'mean_distance': 0.30846521258354187, 'std_distance': 0.1335560381412506}",German
Qwen3-8B-ger-bio-history,../../data/processed/ger_test_bio_history.json,0.09213818738841584,0.23435466698213653,0.10974409448818898,0.066000256311675,0.04245787643755015,1.0,1.0766781301745,16906,15702,0.18460733782563565,0.060867085321197,0.17151494186640087,0.17328451243043397,"{'mean_distance': 0.5214506983757019, 'std_distance': 0.13145321607589722}","{'mean_distance': 0.4742446541786194, 'std_distance': 0.11429968476295471}","{'mean_distance': 0.3172500729560852, 'std_distance': 0.12833181023597717}",German
Qwen3-8B-ger-bio-history,../../data/processed/ger_test_bio_history.json,0.09498452833815843,0.23997397373713475,0.11269685039370078,0.06830706138664616,0.044062583578496926,1.0,1.0518914883026382,16906,16072,0.1887099389514114,0.060532044335681864,0.1737162452135792,0.17599054241717027,"{'mean_distance': 0.5103444457054138, 'std_distance': 0.1348234862089157}","{'mean_distance': 0.46442481875419617, 'std_distance': 0.11638899892568588}","{'mean_distance': 0.307817667722702, 'std_distance': 0.1321897655725479}",German
Qwen3-8B-ger-bio-history,../../data/processed/ger_test_bio_history.json,0.09387494613730869,0.2331125044362948,0.1108513779527559,0.06779443803665257,0.04433003476865472,1.0,1.0924717285945074,16906,15475,0.18718460265080655,0.06297307221578835,0.17418418096434335,0.17607499958420336,"{'mean_distance': 0.5124348998069763, 'std_distance': 0.1331114023923874}","{'mean_distance': 0.4679182171821594, 'std_distance': 0.11452844738960266}","{'mean_distance': 0.30901673436164856, 'std_distance': 0.130822092294693}",German
Qwen3-8B-ger-bio-history,../../data/processed/ger_test_bio_history.json,0.09211602131026793,0.24021057612681887,0.11017470472440945,0.0651031654491862,0.041789248462155655,1.0,1.1013680781758957,16906,15350,0.19134961463845793,0.06203125744440846,0.1754601971514626,0.17754220298466802,"{'mean_distance': 0.506628155708313, 'std_distance': 0.12846551835536957}","{'mean_distance': 0.46109506487846375, 'std_distance': 0.1090279072523117}","{'mean_distance': 0.30493056774139404, 'std_distance': 0.12191631644964218}",German
Ministral-8B-Instruct-2410-eng-bio-history,../../data/processed/eng_test_bio_history.json,0.07700786450410643,0.23484051875219067,0.11494146069503809,0.051819620253164556,0.03329105897273304,0.9322173582807791,0.9344141488577745,11412,12213,0.21886634894864335,0.05471966579187641,0.2113312969234723,0.21246874894293966,"{'mean_distance': 0.40529677271842957, 'std_distance': 0.15022973716259003}","{'mean_distance': 0.41161301732063293, 'std_distance': 0.12921011447906494}","{'mean_distance': 0.26542606949806213, 'std_distance': 0.1341225504875183}",English
Ministral-8B-Instruct-2410-eng-bio-history,../../data/processed/eng_test_bio_history.json,0.07923525085277797,0.2301962846126884,0.11085300130087344,0.04855617088607595,0.03181145635172268,1.0,1.0123303468464473,11412,11273,0.2227592353586233,0.04969168737957964,0.21524172886931142,0.2163694119843371,"{'mean_distance': 0.4040314555168152, 'std_distance': 0.14839127659797668}","{'mean_distance': 0.4076499044895172, 'std_distance': 0.12753719091415405}","{'mean_distance': 0.2690598666667938, 'std_distance': 0.13762225210666656}",English
Ministral-8B-Instruct-2410-eng-bio-history,../../data/processed/eng_test_bio_history.json,0.08173526102515626,0.23597967052225727,0.1140122653781825,0.05063291139240506,0.032762629465229336,1.0,1.046780407264722,11412,10902,0.2198654799083984,0.05119724675185945,0.21301070920467036,0.21324516752810438,"{'mean_distance': 0.4034448266029358, 'std_distance': 0.14825306832790375}","{'mean_distance': 0.4079650044441223, 'std_distance': 0.12216527760028839}","{'mean_distance': 0.26934903860092163, 'std_distance': 0.13495436310768127}",English
Ministral-8B-Instruct-2410-eng-bio-history,../../data/processed/eng_test_bio_history.json,0.08293373823917076,0.24158780231335436,0.11484854116335254,0.050731803797468354,0.033608116677235254,1.0,1.071448690263825,11412,10651,0.23042580173079652,0.05203183601172183,0.22320925856068816,0.22412518650188265,"{'mean_distance': 0.4025183916091919, 'std_distance': 0.1466938853263855}","{'mean_distance': 0.4040878415107727, 'std_distance': 0.12722380459308624}","{'mean_distance': 0.25886812806129456, 'std_distance': 0.12843044102191925}",English
Ministral-8B-Instruct-2410-eng-bio-history,../../data/processed/eng_test_bio_history.json,0.0820510731366006,0.23606729758149317,0.11336182865638357,0.050237341772151896,0.033713802578736,1.0,1.0223058317656544,11412,11163,0.2228669104518104,0.05406493097865249,0.21512587814469925,0.21602039304369935,"{'mean_distance': 0.40297409892082214, 'std_distance': 0.14806771278381348}","{'mean_distance': 0.40617629885673523, 'std_distance': 0.1234937459230423}","{'mean_distance': 0.26236963272094727, 'std_distance': 0.1305459439754486}",English
Qwen3-4B-eng-bio-history,../../data/processed/eng_test_bio_history.json,0.07676156221699647,0.22704171048019628,0.1095521278572756,0.04786392405063291,0.032762629465229336,0.9713269198627289,0.9717302452316077,11412,11744,0.21809476997598642,0.048270856076074314,0.2100938261208965,0.210412677482886,"{'mean_distance': 0.40530523657798767, 'std_distance': 0.14407679438591003}","{'mean_distance': 0.4122127592563629, 'std_distance': 0.12310271710157394}","{'mean_distance': 0.26738467812538147, 'std_distance': 0.13070733845233917}",English
Qwen3-4B-eng-bio-history,../../data/processed/eng_test_bio_history.json,0.0802165566202199,0.22747984577637576,0.11150343802267236,0.04934731012658228,0.03307968716973156,1.0,1.0440032933857835,11412,10931,0.21441893762228026,0.04985256150425332,0.20743618557545573,0.20731327274812922,"{'mean_distance': 0.4110143482685089, 'std_distance': 0.14482226967811584}","{'mean_distance': 0.41715389490127563, 'std_distance': 0.12331072986125946}","{'mean_distance': 0.2712569236755371, 'std_distance': 0.13672998547554016}",English
Qwen3-4B-eng-bio-history,../../data/processed/eng_test_bio_history.json,0.0791192573868447,0.23264984227129337,0.11057424270581677,0.0490506329113924,0.03244557176072712,0.9891063874621128,0.9891652942706076,11412,11537,0.2139110103836416,0.046956700607739384,0.2055605499981784,0.20604074419834362,"{'mean_distance': 0.41360971331596375, 'std_distance': 0.14548860490322113}","{'mean_distance': 0.4186374247074127, 'std_distance': 0.1235700398683548}","{'mean_distance': 0.26687467098236084, 'std_distance': 0.1324613392353058}",English
Qwen3-4B-eng-bio-history,../../data/processed/eng_test_bio_history.json,0.0806024382438734,0.2278303540133193,0.110945920832559,0.049841772151898736,0.03350243077573452,1.0,1.0163876024225151,11412,11228,0.2145750099739877,0.04612161039590906,0.20683794087418275,0.2069741055900569,"{'mean_distance': 0.412912517786026, 'std_distance': 0.14351291954517365}","{'mean_distance': 0.4184695780277252, 'std_distance': 0.12190017849206924}","{'mean_distance': 0.2711219787597656, 'std_distance': 0.13369370996952057}",English
Qwen3-4B-eng-bio-history,../../data/processed/eng_test_bio_history.json,0.08165931986818277,0.23107255520504733,0.1130830700613269,0.05063291139240506,0.033608116677235254,1.0,1.0523791958686832,11412,10844,0.21761587159728024,0.0534959106442583,0.21106230788349967,0.2113538529574247,"{'mean_distance': 0.4095650613307953, 'std_distance': 0.14532767236232758}","{'mean_distance': 0.4164605140686035, 'std_distance': 0.1260298639535904}","{'mean_distance': 0.2674046456813812, 'std_distance': 0.1323028951883316}",English
Qwen3-1.7B,../../data/processed/eng_test_bio_history.json,0.004860010787655783,0.2707676130389064,0.09682215201635384,0.03045886075949367,0.017860917353625026,0.07908425307665852,0.2827061708821562,11412,40367,0.1778079600846714,0.0330920126539338,0.1671804685781201,0.167403267351598,"{'mean_distance': 0.42223265767097473, 'std_distance': 0.13452041149139404}","{'mean_distance': 0.44288700819015503, 'std_distance': 0.1263287365436554}","{'mean_distance': 0.2942189872264862, 'std_distance': 0.14179378747940063}",English
Qwen3-1.7B,../../data/processed/eng_test_bio_history.json,0.005744642904662508,0.2717315106905012,0.09626463482624048,0.030953322784810125,0.018600718664130204,0.09221511125862952,0.2955404775470037,11412,38614,0.177559048336215,0.03193159859744551,0.16581499151950885,0.16622315780250707,"{'mean_distance': 0.4271438419818878, 'std_distance': 0.1339295506477356}","{'mean_distance': 0.4458653926849365, 'std_distance': 0.12310180068016052}","{'mean_distance': 0.29636073112487793, 'std_distance': 0.14076527953147888}",English
Qwen3-1.7B,../../data/processed/eng_test_bio_history.json,0.0037787598706363265,0.2700665965650193,0.09607879576286936,0.03026107594936709,0.018177975058127245,0.06147764486266371,0.2639161906523901,11412,43241,0.17357402372017622,0.031568380316850234,0.16146686137294775,0.16232047222754667,"{'mean_distance': 0.42346012592315674, 'std_distance': 0.13241413235664368}","{'mean_distance': 0.44455355405807495, 'std_distance': 0.12418974936008453}","{'mean_distance': 0.298610657453537, 'std_distance': 0.1372682899236679}",English
Qwen3-1.7B,../../data/processed/eng_test_bio_history.json,0.0043333128178921305,0.27287066246056785,0.09672923248466828,0.03026107594936709,0.018177975058127245,0.0701994852403315,0.273491983607736,11412,41727,0.17393374837176453,0.031948871690592365,0.1634583688657179,0.16401926843248363,"{'mean_distance': 0.4253077208995819, 'std_distance': 0.13448689877986908}","{'mean_distance': 0.44446730613708496, 'std_distance': 0.12351765483617783}","{'mean_distance': 0.29900309443473816, 'std_distance': 0.14244061708450317}",English
Qwen3-1.7B,../../data/processed/eng_test_bio_history.json,0.0047857544917886945,0.27059235892043465,0.09719383014309609,0.030656645569620253,0.018283660959627985,0.07723513521133767,0.28082781701405124,11412,40637,0.17446022370446274,0.032932586300679786,0.164070461855019,0.1645105340800747,"{'mean_distance': 0.42766207456588745, 'std_distance': 0.13518132269382477}","{'mean_distance': 0.447286456823349, 'std_distance': 0.12515638768672943}","{'mean_distance': 0.2994254231452942, 'std_distance': 0.14361876249313354}",English
Qwen3-8B-eng-bio-history,../../data/processed/eng_test_bio_history.json,0.07906319845941674,0.2291447599018577,0.11233971380784241,0.04885284810126582,0.031071655041217502,1.0,1.1237813884785819,11412,10155,0.21962886582369415,0.05091533111093818,0.21283604009170218,0.21376826475096347,"{'mean_distance': 0.41031983494758606, 'std_distance': 0.14938758313655853}","{'mean_distance': 0.41100218892097473, 'std_distance': 0.12779197096824646}","{'mean_distance': 0.2622498869895935, 'std_distance': 0.1302075982093811}",English
Qwen3-8B-eng-bio-history,../../data/processed/eng_test_bio_history.json,0.08330839159727021,0.2322993340343498,0.11373350678312581,0.05211629746835443,0.034982033396744876,1.0,1.0310805926996747,11412,11068,0.21878162775398957,0.05248831468413247,0.21106456906479423,0.21148860013495055,"{'mean_distance': 0.4103207290172577, 'std_distance': 0.1484665721654892}","{'mean_distance': 0.41546836495399475, 'std_distance': 0.1249687522649765}","{'mean_distance': 0.2654062509536743, 'std_distance': 0.13309253752231598}",English
Qwen3-8B-eng-bio-history,../../data/processed/eng_test_bio_history.json,0.07781257431325717,0.2245005257623554,0.10927336926221892,0.048259493670886076,0.030965969139716762,1.0,1.0684392847111694,11412,10681,0.2203005022884063,0.056181831454296616,0.21310875536261348,0.21309374496884903,"{'mean_distance': 0.4041674733161926, 'std_distance': 0.15211927890777588}","{'mean_distance': 0.40900370478630066, 'std_distance': 0.12964898347854614}","{'mean_distance': 0.2650325298309326, 'std_distance': 0.13498719036579132}",English
Qwen3-8B-eng-bio-history,../../data/processed/eng_test_bio_history.json,0.08195096011401871,0.22818086225026288,0.11317598959301245,0.051720727848101264,0.034559289790741916,0.9942333056732635,0.9942498693152118,11412,11478,0.21912069296412934,0.05472637338713994,0.21299106588127714,0.21329603645136397,"{'mean_distance': 0.40727266669273376, 'std_distance': 0.14791254699230194}","{'mean_distance': 0.41416507959365845, 'std_distance': 0.12848018109798431}","{'mean_distance': 0.2660976052284241, 'std_distance': 0.13115842640399933}",English
Qwen3-8B-eng-bio-history,../../data/processed/eng_test_bio_history.json,0.08165015506397859,0.22888187872415003,0.11326890912469802,0.05053401898734177,0.03392517438173748,1.0,1.156465342521281,11412,9868,0.2207881781700723,0.054699328839460604,0.2136142567786064,0.21351525296577625,"{'mean_distance': 0.40761375427246094, 'std_distance': 0.14845550060272217}","{'mean_distance': 0.4155917465686798, 'std_distance': 0.12757058441638947}","{'mean_distance': 0.26529988646507263, 'std_distance': 0.134360671043396}",English
Qwen3-0.6B-eng-bio-history,../../data/processed/eng_test_bio_history.json,0.06144460916613318,0.2245005257623554,0.11029548411076008,0.0479628164556962,0.030437539632213063,0.7924310007892219,0.8112603966730646,11412,14067,0.20664723218703143,0.04750939495659523,0.19987820808404827,0.20044155504330724,"{'mean_distance': 0.4158564507961273, 'std_distance': 0.1386774331331253}","{'mean_distance': 0.4324246048927307, 'std_distance': 0.12471594661474228}","{'mean_distance': 0.2678368091583252, 'std_distance': 0.13089770078659058}",English
Qwen3-0.6B-eng-bio-history,../../data/processed/eng_test_bio_history.json,0.05392409001368925,0.2267788293024886,0.10871585207210556,0.04677610759493671,0.030543225533713803,0.6999616311041811,0.7370664599883744,11412,15483,0.20229739933796323,0.04435026420918978,0.1948155985343843,0.19520040051189608,"{'mean_distance': 0.4213385581970215, 'std_distance': 0.14015117287635803}","{'mean_distance': 0.4314815104007721, 'std_distance': 0.1253267079591751}","{'mean_distance': 0.2741508483886719, 'std_distance': 0.12811990082263947}",English
Qwen3-0.6B-eng-bio-history,../../data/processed/eng_test_bio_history.json,0.05576016709000288,0.22195934104451454,0.1081583348819922,0.04647943037974683,0.030014796026210103,0.7329792212869317,0.7629872300595039,11412,14957,0.20674535596783977,0.048222805838579394,0.20096797362900642,0.20109058385985723,"{'mean_distance': 0.41992834210395813, 'std_distance': 0.14176487922668457}","{'mean_distance': 0.4368244409561157, 'std_distance': 0.1266617625951767}","{'mean_distance': 0.27477434277534485, 'std_distance': 0.13106463849544525}",English
Qwen3-0.6B-eng-bio-history,../../data/processed/eng_test_bio_history.json,0.057141559893752636,0.23037153873116017,0.10899461066716223,0.04697389240506329,0.030331853730712323,0.738847408881032,0.7676577424996637,11412,14866,0.20828628129612126,0.04622958123594971,0.2007858157865498,0.2014228166529478,"{'mean_distance': 0.42055362462997437, 'std_distance': 0.13824822008609772}","{'mean_distance': 0.43562227487564087, 'std_distance': 0.12467171996831894}","{'mean_distance': 0.2694041132926941, 'std_distance': 0.1274576187133789}",English
Qwen3-0.6B-eng-bio-history,../../data/processed/eng_test_bio_history.json,0.058357701520882294,0.22406239046617596,0.10648578331165211,0.04539161392405063,0.028957937011202705,0.779825116454112,0.8008421052631579,11412,14250,0.20705604932576077,0.0443021396761593,0.2007603377952415,0.20045922309623015,"{'mean_distance': 0.4200827181339264, 'std_distance': 0.1380539834499359}","{'mean_distance': 0.43432778120040894, 'std_distance': 0.11854800581932068}","{'mean_distance': 0.27254441380500793, 'std_distance': 0.12984640896320343}",English
Qwen3-8B,../../data/processed/ger_test_bio_history.json,0.04398612946257187,0.2890098189991719,0.09885580708661418,0.05087786748686403,0.02888472853704199,0.5464340510013846,0.6233086310511374,16906,27123,0.1707982085887173,0.04028285933446655,0.1489900398396356,0.15263045954598456,"{'mean_distance': 0.5121876001358032, 'std_distance': 0.12406209856271744}","{'mean_distance': 0.4643232524394989, 'std_distance': 0.10910563170909882}","{'mean_distance': 0.2970457673072815, 'std_distance': 0.12893046438694}",German
Qwen3-8B,../../data/processed/lux_test_bio_history.json,0.0020458841291011646,0.17676075637160865,0.016681681215246498,0.0038677361062676345,0.00042069835927639884,0.24582027651117974,0.4161197131344872,32841,78922,0.08019366651487231,0.008326266410585138,0.06192294699394898,0.062424606332995985,"{'mean_distance': 0.578102171421051, 'std_distance': 0.11249521374702454}","{'mean_distance': 0.6202072501182556, 'std_distance': 0.1094600185751915}","{'mean_distance': 0.41733425855636597, 'std_distance': 0.1802709847688675}",Luxembourgish
Qwen3-8B,../../data/processed/lux_test_bio_history.json,0.0017313773230747784,0.17606041228951616,0.01596719580006834,0.003233681006879498,0.0003559755347723375,0.22955660960964744,0.4045952938277689,32841,81170,0.07719594277496188,0.008050293659598643,0.059790092929044164,0.060209968746212136,"{'mean_distance': 0.5805612206459045, 'std_distance': 0.10783836245536804}","{'mean_distance': 0.6241202354431152, 'std_distance': 0.10553770512342453}","{'mean_distance': 0.4140089750289917, 'std_distance': 0.17682956159114838}",Luxembourgish
Qwen3-8B,../../data/processed/ger_test_bio_history.json,0.042416615170182304,0.2924997042470129,0.10070127952755906,0.05119825708061002,0.029285905322278684,0.5203163179932243,0.6048441916210511,16906,27951,0.16787657804851083,0.03960739850447949,0.14542012116937053,0.14965525355854375,"{'mean_distance': 0.5121286511421204, 'std_distance': 0.12493634223937988}","{'mean_distance': 0.4597664773464203, 'std_distance': 0.10567422211170197}","{'mean_distance': 0.2985394299030304, 'std_distance': 0.12945395708084106}",German
Qwen3-8B,../../data/processed/eng_test_bio_history.json,0.034197095688264824,0.26069050122677884,0.09626463482624048,0.031942246835443035,0.019868949482139082,0.5413225739208163,0.6196785403996524,11412,18416,0.17978548197101013,0.0325950063990917,0.16743341018486552,0.16848317974415708,"{'mean_distance': 0.4191210865974426, 'std_distance': 0.1288263201713562}","{'mean_distance': 0.42577388882637024, 'std_distance': 0.10993388295173645}","{'mean_distance': 0.2789093852043152, 'std_distance': 0.12590685486793518}",English
Qwen3-8B,../../data/processed/ger_test_bio_history.json,0.042581829485521576,0.2946291257541701,0.10039370078740158,0.04985262078687684,0.02801551216902915,0.5311377152498382,0.6124696590950259,16906,27603,0.17172289119013315,0.040792348377889365,0.14895681118618126,0.15394451935898873,"{'mean_distance': 0.5051522254943848, 'std_distance': 0.13014663755893707}","{'mean_distance': 0.4597272276878357, 'std_distance': 0.10793689638376236}","{'mean_distance': 0.2936834692955017, 'std_distance': 0.12831054627895355}",German
Qwen3-8B,../../data/processed/eng_test_bio_history.json,0.03482802536422738,0.26086575534525064,0.09700799107972496,0.03322784810126582,0.020080321285140562,0.5433184937166975,0.6210950255796234,11412,18374,0.1765523989456087,0.03277498083060079,0.16414842383711842,0.16570131786084832,"{'mean_distance': 0.41884085536003113, 'std_distance': 0.1258644312620163}","{'mean_distance': 0.4283182919025421, 'std_distance': 0.11064540594816208}","{'mean_distance': 0.2816965579986572, 'std_distance': 0.1253523826599121}",English
Qwen3-8B,../../data/processed/lux_test_bio_history.json,0.0020337285164622534,0.17149295088456504,0.016837004131589575,0.004026249881114669,0.00038833694702436814,0.2481063307793485,0.4177287644050981,32841,78618,0.07771485234662735,0.008220090365537882,0.0604062469009711,0.06105798160775643,"{'mean_distance': 0.5789837837219238, 'std_distance': 0.10801791399717331}","{'mean_distance': 0.6248893737792969, 'std_distance': 0.10837532579898834}","{'mean_distance': 0.41557180881500244, 'std_distance': 0.16745778918266296}",Luxembourgish
Qwen3-8B,../../data/processed/lux_test_bio_history.json,0.0018029577885962764,0.17121890320026795,0.01550122705103911,0.0038994388612370416,0.0003236141225203068,0.23700020222358564,0.40988742168193504,32841,80122,0.07961994019327961,0.008167167588737704,0.06260730164812768,0.06310425406661835,"{'mean_distance': 0.5757220983505249, 'std_distance': 0.11301425844430923}","{'mean_distance': 0.6194985508918762, 'std_distance': 0.11263137310743332}","{'mean_distance': 0.4132683277130127, 'std_distance': 0.18079672753810883}",Luxembourgish
Qwen3-8B,../../data/processed/eng_test_bio_history.json,0.03643674450985448,0.2634945671223274,0.09877346218175061,0.03372231012658228,0.02060875079264426,0.5587201515622762,0.6320686790362781,11412,18055,0.18158022287363518,0.03542680570038169,0.16928853559481488,0.17093521923944355,"{'mean_distance': 0.41843515634536743, 'std_distance': 0.1291317343711853}","{'mean_distance': 0.4255020022392273, 'std_distance': 0.11212994903326035}","{'mean_distance': 0.27792707085609436, 'std_distance': 0.12345001846551895}",English
Qwen3-8B,../../data/processed/ger_test_bio_history.json,0.04368116254593417,0.29386016798769665,0.10174704724409449,0.05151864667435602,0.029285905322278684,0.5329945631352903,0.6137815858263143,16906,27544,0.17101390128687596,0.0385695503015642,0.14854412800075778,0.15301649724352395,"{'mean_distance': 0.5101279020309448, 'std_distance': 0.12654592096805573}","{'mean_distance': 0.46393150091171265, 'std_distance': 0.10790732502937317}","{'mean_distance': 0.29526737332344055, 'std_distance': 0.12832780182361603}",German
Qwen3-8B,../../data/processed/eng_test_bio_history.json,0.03286080682506266,0.25928846827900454,0.09756550826983831,0.03322784810126582,0.02050306489114352,0.5100092974332835,0.5976120653540008,11412,19096,0.18104877348719117,0.034953937763666565,0.16915052179145296,0.1702181568520459,"{'mean_distance': 0.4164706766605377, 'std_distance': 0.12977804243564606}","{'mean_distance': 0.4253115653991699, 'std_distance': 0.1111610159277916}","{'mean_distance': 0.2769743800163269, 'std_distance': 0.12606392800807953}",English
Qwen3-8B,../../data/processed/eng_test_bio_history.json,0.034647848070065254,0.26463371889239395,0.09942389890354952,0.03471123417721519,0.02060875079264426,0.526031610912509,0.6088673104625727,11412,18743,0.1822868757078045,0.03562507574394691,0.16943795249332738,0.1708965633094865,"{'mean_distance': 0.41803720593452454, 'std_distance': 0.13078105449676514}","{'mean_distance': 0.4263635277748108, 'std_distance': 0.11383972316980362}","{'mean_distance': 0.2822880148887634, 'std_distance': 0.12695422768592834}",English
Qwen3-8B,../../data/processed/ger_test_bio_history.json,0.04323692222077672,0.29143499349343427,0.10174704724409449,0.052159425861848005,0.029887670500133724,0.5243637687982744,0.6076923076923076,16906,27820,0.1716930207222087,0.04143609350118481,0.14996730957685983,0.1543150386872213,"{'mean_distance': 0.5061337351799011, 'std_distance': 0.12377125024795532}","{'mean_distance': 0.46044817566871643, 'std_distance': 0.10422790795564651}","{'mean_distance': 0.2953885495662689, 'std_distance': 0.1286362111568451}",German
Ministral-8B-Instruct-2410,../../data/processed/lux_test_bio_history.json,0.0013349903658057454,0.18726591760299627,0.014165449970488646,0.003170275496940684,0.001003203779812951,0.13929460982573086,0.3365684184635566,32841,97576,0.07924691979999665,0.007449431451086787,0.05413000759539124,0.05509051627316699,"{'mean_distance': 0.5846982002258301, 'std_distance': 0.12321136891841888}","{'mean_distance': 0.6330892443656921, 'std_distance': 0.11354635655879974}","{'mean_distance': 0.4245278835296631, 'std_distance': 0.18614715337753296}",Luxembourgish
Ministral-8B-Instruct-2410,../../data/processed/ger_test_bio_history.json,0.04171702656387116,0.27712054891754406,0.09559547244094488,0.04895552992438806,0.027146295801016313,0.5415751754245665,0.6198577399721347,16906,27274,0.15869541863995204,0.035799802894186585,0.13790547885728408,0.13984305433671534,"{'mean_distance': 0.5040337443351746, 'std_distance': 0.11833032965660095}","{'mean_distance': 0.4670025110244751, 'std_distance': 0.10563252121210098}","{'mean_distance': 0.3051702082157135, 'std_distance': 0.1262052357196808}",German
Ministral-8B-Instruct-2410,../../data/processed/lux_test_bio_history.json,0.0012318773360861669,0.19627904144209982,0.014973129135472647,0.003423897536695939,0.001003203779812951,0.12289758835978602,0.32295528523242434,32841,101689,0.08037266062218601,0.007787133973634824,0.05554841882624725,0.05707584534273389,"{'mean_distance': 0.5807889103889465, 'std_distance': 0.12976112961769104}","{'mean_distance': 0.6301615238189697, 'std_distance': 0.11844251304864883}","{'mean_distance': 0.4167986214160919, 'std_distance': 0.18386146426200867}",Luxembourgish
Ministral-8B-Instruct-2410,../../data/processed/eng_test_bio_history.json,0.03937933950849052,0.2398352611286365,0.0892027504181379,0.02857990506329114,0.018600718664130204,0.6781066153721885,0.7202272010097822,11412,15845,0.1895918497344351,0.03424040299266175,0.1786402835753741,0.1793697585217739,"{'mean_distance': 0.42160746455192566, 'std_distance': 0.13846859335899353}","{'mean_distance': 0.42740872502326965, 'std_distance': 0.12354256212711334}","{'mean_distance': 0.2803595960140228, 'std_distance': 0.13613344728946686}",English
Ministral-8B-Instruct-2410,../../data/processed/ger_test_bio_history.json,0.03964603362343936,0.28297645806222643,0.09411909448818898,0.04754581571190568,0.02607649104038513,0.5230008202620884,0.606732701693942,16906,27864,0.15979082906366,0.035571134486768734,0.13724160028969723,0.1400349097135009,"{'mean_distance': 0.5032590627670288, 'std_distance': 0.11946535110473633}","{'mean_distance': 0.46902531385421753, 'std_distance': 0.10692587494850159}","{'mean_distance': 0.30793145298957825, 'std_distance': 0.13207633793354034}",German
Ministral-8B-Instruct-2410,../../data/processed/eng_test_bio_history.json,0.03881448402776683,0.23720644935155977,0.08929566994982345,0.027689873417721517,0.017015430141619107,0.690579398849208,0.7298075078339835,11412,15637,0.18250455416288539,0.03192119914431994,0.171438295406233,0.17182402413495393,"{'mean_distance': 0.4241601526737213, 'std_distance': 0.1318073570728302}","{'mean_distance': 0.4321286380290985, 'std_distance': 0.11892984807491302}","{'mean_distance': 0.287371963262558, 'std_distance': 0.13916702568531036}",English
Ministral-8B-Instruct-2410,../../data/processed/eng_test_bio_history.json,0.03517379336625305,0.2454433929197336,0.09143281917859133,0.028085443037974684,0.017332487846121326,0.6118152499962035,0.6705446853516658,11412,17019,0.1893761761925728,0.03494665782374729,0.17721335003964503,0.17821585678847804,"{'mean_distance': 0.4223071336746216, 'std_distance': 0.13711164891719818}","{'mean_distance': 0.42445144057273865, 'std_distance': 0.11999981850385666}","{'mean_distance': 0.2779116928577423, 'std_distance': 0.13313567638397217}",English
Ministral-8B-Instruct-2410,../../data/processed/eng_test_bio_history.json,0.03938829347337046,0.24623203645285663,0.09068946292510685,0.028283227848101267,0.017543859649122806,0.682697463450856,0.723744292237443,11412,15768,0.18691667652187713,0.0282469067629154,0.17461152169365673,0.17531131548972517,"{'mean_distance': 0.4199323058128357, 'std_distance': 0.13548661768436432}","{'mean_distance': 0.42269137501716614, 'std_distance': 0.11983174830675125}","{'mean_distance': 0.28160977363586426, 'std_distance': 0.13857302069664001}",English
Ministral-8B-Instruct-2410,../../data/processed/lux_test_bio_history.json,0.0012312346843783332,0.1953350994184099,0.014662483302786493,0.002758139682338395,0.0006472282450406136,0.14560472118335718,0.3416631121190999,32841,96121,0.08119409256255289,0.0076778471050968355,0.055401704210898364,0.05669904653845963,"{'mean_distance': 0.584183931350708, 'std_distance': 0.12980829179286957}","{'mean_distance': 0.6295210719108582, 'std_distance': 0.1189231351017952}","{'mean_distance': 0.4247942566871643, 'std_distance': 0.1845298558473587}",Luxembourgish
Ministral-8B-Instruct-2410,../../data/processed/ger_test_bio_history.json,0.03946273278306084,0.27658819354075476,0.0922736220472441,0.0459438677431757,0.02520727467237229,0.5352060245783405,0.6153454174856228,16906,27474,0.162109865571696,0.03689795646387188,0.13994594081814266,0.14302213725859503,"{'mean_distance': 0.5047239661216736, 'std_distance': 0.11980758607387543}","{'mean_distance': 0.4685526192188263, 'std_distance': 0.1103532612323761}","{'mean_distance': 0.3043120801448822, 'std_distance': 0.13149620592594147}",German
Ministral-8B-Instruct-2410,../../data/processed/ger_test_bio_history.json,0.041106660262527475,0.28226665089317404,0.09387303149606299,0.04812251698064847,0.02741374699117411,0.5346048650857298,0.6149201614956534,16906,27493,0.1593524156189015,0.036084646431720754,0.13732066696944334,0.1400604930522284,"{'mean_distance': 0.5065944790840149, 'std_distance': 0.11859305202960968}","{'mean_distance': 0.46934449672698975, 'std_distance': 0.1029420793056488}","{'mean_distance': 0.3078524172306061, 'std_distance': 0.12769587337970734}",German
Ministral-8B-Instruct-2410,../../data/processed/lux_test_bio_history.json,0.0018207556202131888,0.19603544350050242,0.01596719580006834,0.004374980185778144,0.0017798776738616874,0.1457200411100343,0.3417555543992924,32841,96095,0.08166081559678615,0.008313844151898111,0.05594072435961789,0.05673645971182277,"{'mean_distance': 0.5825941562652588, 'std_distance': 0.1258891075849533}","{'mean_distance': 0.6307487487792969, 'std_distance': 0.1162218227982521}","{'mean_distance': 0.4222923815250397, 'std_distance': 0.1770096719264984}",Luxembourgish
Ministral-8B-Instruct-2410,../../data/processed/ger_test_bio_history.json,0.04103682390262042,0.2758192357742813,0.09547244094488189,0.04805843906189927,0.027079433003476865,0.5363469180883176,0.6161527808149282,16906,27438,0.15867041898123144,0.03645373840391792,0.13806735216941518,0.14101796294038726,"{'mean_distance': 0.5083763599395752, 'std_distance': 0.11871173232793808}","{'mean_distance': 0.47031569480895996, 'std_distance': 0.10642368346452713}","{'mean_distance': 0.3124862015247345, 'std_distance': 0.13316641747951508}",German
Ministral-8B-Instruct-2410,../../data/processed/eng_test_bio_history.json,0.0341009324712407,0.2414125481948826,0.08706560118937001,0.028184335443037976,0.017438173747622066,0.6015025100286433,0.6629872770580375,11412,17213,0.1839596273395123,0.03285169999260396,0.1718899032460554,0.17280625137808014,"{'mean_distance': 0.43103957176208496, 'std_distance': 0.13425785303115845}","{'mean_distance': 0.43246009945869446, 'std_distance': 0.1174909919500351}","{'mean_distance': 0.2853865325450897, 'std_distance': 0.13384246826171875}",English
Llama-3.1-8B-Instruct-eng-bio,../../data/processed/eng_test_bio.json,0.07750242576989798,0.22493866105853488,0.10983088645233229,0.04855617088607595,0.032339885859226376,0.9820247166283059,0.9821843532145623,11412,11619,0.2177110387299083,0.05192837552073567,0.2100800338309574,0.2108561797390177,"{'mean_distance': 0.4069969654083252, 'std_distance': 0.14288876950740814}","{'mean_distance': 0.4145990312099457, 'std_distance': 0.1221618801355362}","{'mean_distance': 0.26173365116119385, 'std_distance': 0.12866796553134918}",English
Llama-3.1-8B-Instruct-eng-bio,../../data/processed/eng_test_bio.json,0.07900824956267545,0.22020679985979671,0.11020256457907453,0.04885284810126582,0.03286831536673008,1.0,1.1781953334709891,11412,9686,0.22055018606486773,0.05313597024187091,0.21361009877544535,0.2139415538900657,"{'mean_distance': 0.4123837649822235, 'std_distance': 0.14278441667556763}","{'mean_distance': 0.42115318775177, 'std_distance': 0.12297241389751434}","{'mean_distance': 0.2709619402885437, 'std_distance': 0.13126297295093536}",English
Llama-3.1-8B-Instruct-eng-bio,../../data/processed/eng_test_bio.json,0.07865111552012899,0.2290571328426218,0.1090875301988478,0.047666139240506326,0.0321285140562249,1.0,1.055103550295858,11412,10816,0.22100236074058727,0.04780138143600125,0.21337143612509435,0.21341288012485543,"{'mean_distance': 0.40755540132522583, 'std_distance': 0.14402011036872864}","{'mean_distance': 0.4132383465766907, 'std_distance': 0.1206803172826767}","{'mean_distance': 0.26279401779174805, 'std_distance': 0.1272290199995041}",English
Llama-3.1-8B-Instruct-eng-bio,../../data/processed/eng_test_bio.json,0.07833221282723714,0.22064493515597616,0.10871585207210556,0.04806170886075949,0.0326569435637286,1.0,1.042096612181536,11412,10951,0.22180902599678187,0.0489567752003405,0.21514443192386684,0.21541413461258585,"{'mean_distance': 0.403518408536911, 'std_distance': 0.14232346415519714}","{'mean_distance': 0.41015908122062683, 'std_distance': 0.12070710957050323}","{'mean_distance': 0.2658872604370117, 'std_distance': 0.133270725607872}",English
Llama-3.1-8B-Instruct-eng-bio,../../data/processed/eng_test_bio.json,0.07869415956418806,0.2234490010515247,0.11029548411076008,0.048753955696202535,0.03191714225322342,1.0,1.1087146604488487,11412,10293,0.22052581654119857,0.05180376413260208,0.2131575727448637,0.21411263350307227,"{'mean_distance': 0.4066218435764313, 'std_distance': 0.14420391619205475}","{'mean_distance': 0.41438791155815125, 'std_distance': 0.12236445397138596}","{'mean_distance': 0.26297444105148315, 'std_distance': 0.1323823481798172}",English
Ministral-8B-Instruct-2410-lux-bio-history,../../data/processed/lux_test_bio_history.json,0.010043753840221782,0.16333241984105235,0.016619552048709265,0.0038677361062676345,0.0010679266043170123,0.9760533861030081,0.9763355828403246,32841,33637,0.11518321017058275,0.011001069300530611,0.07610778186079444,0.07635271088891932,"{'mean_distance': 0.59706050157547, 'std_distance': 0.11484279483556747}","{'mean_distance': 0.6157711744308472, 'std_distance': 0.11434327811002731}","{'mean_distance': 0.44638559222221375, 'std_distance': 0.16839812695980072}",Luxembourgish
Ministral-8B-Instruct-2410-lux-bio-history,../../data/processed/lux_test_bio_history.json,0.009256295045884091,0.15745561950001521,0.015905066633531112,0.00361411406651238,0.001100288016569043,0.9265880935255794,0.9291554675343047,32841,35345,0.11396719105699693,0.011417557212536381,0.0767652168679307,0.0766657010381345,"{'mean_distance': 0.596419632434845, 'std_distance': 0.11628122627735138}","{'mean_distance': 0.6149239540100098, 'std_distance': 0.11329840123653412}","{'mean_distance': 0.4429419934749603, 'std_distance': 0.17096954584121704}",Luxembourgish
Ministral-8B-Instruct-2410-lux-bio-history,../../data/processed/lux_test_bio_history.json,0.009773690819474264,0.1656161505435279,0.01795532912925973,0.004184763655961703,0.001197372253325135,0.8846256975070065,0.8907966474082513,32841,36867,0.11379957128912388,0.01284557684455468,0.07711930572182409,0.07724143347479925,"{'mean_distance': 0.6027300357818604, 'std_distance': 0.11621358245611191}","{'mean_distance': 0.617089569568634, 'std_distance': 0.11369907855987549}","{'mean_distance': 0.4423883557319641, 'std_distance': 0.17097951471805573}",Luxembourgish
Ministral-8B-Instruct-2410-lux-bio-history,../../data/processed/lux_test_bio_history.json,0.010624294102181046,0.16235802807466276,0.018359168711751733,0.004089655391053482,0.001326817902333258,0.9420932234791496,0.9437068965517241,32841,34800,0.11579774979016397,0.013428428499430248,0.0781307162985379,0.07795369440003126,"{'mean_distance': 0.5898535251617432, 'std_distance': 0.12180891633033752}","{'mean_distance': 0.6094334721565247, 'std_distance': 0.11753969639539719}","{'mean_distance': 0.4431850016117096, 'std_distance': 0.17596331238746643}",Luxembourgish
Ministral-8B-Instruct-2410-lux-bio-history,../../data/processed/lux_test_bio_history.json,0.008032610849282766,0.1683261776437989,0.017520424963499114,0.0034556002916653456,0.0006148668327885829,0.9028311000058441,0.9072600696171059,32841,36198,0.11374524675539258,0.01263753099496425,0.07518332794738303,0.07538906582248592,"{'mean_distance': 0.5976040363311768, 'std_distance': 0.11848840117454529}","{'mean_distance': 0.6195471882820129, 'std_distance': 0.10918053984642029}","{'mean_distance': 0.43933025002479553, 'std_distance': 0.16799500584602356}",Luxembourgish
Llama-3.1-8B-Instruct-eng-history,../../data/processed/eng_test_history.json,0.06531034016369258,0.24631966351209253,0.1167998513287493,0.05310522151898734,0.03508771929824561,0.7632617722625503,0.7873059675750259,11412,14495,0.22422887631012872,0.05153537183294363,0.21577372657582988,0.21663115528004667,"{'mean_distance': 0.4046074151992798, 'std_distance': 0.150447279214859}","{'mean_distance': 0.409501850605011, 'std_distance': 0.1290452778339386}","{'mean_distance': 0.2649845778942108, 'std_distance': 0.1334182620048523}",English
Llama-3.1-8B-Instruct-eng-history,../../data/processed/eng_test_history.json,0.07921934666881175,0.24263932702418506,0.11549897788515145,0.052808544303797465,0.03434791798774044,0.9381996565851345,0.9400329489291598,11412,12140,0.22921198598899678,0.056485410978336606,0.21985047502141486,0.22031286694241514,"{'mean_distance': 0.40166836977005005, 'std_distance': 0.1501036286354065}","{'mean_distance': 0.4065665006637573, 'std_distance': 0.12857796251773834}","{'mean_distance': 0.2589007616043091, 'std_distance': 0.13193482160568237}",English
Llama-3.1-8B-Instruct-eng-history,../../data/processed/eng_test_history.json,0.08235250409194447,0.2477216964598668,0.1163352536703215,0.052314082278481014,0.033819488480236734,0.9745666625813687,0.9748846745258841,11412,11706,0.23686626337312075,0.06362063896222644,0.22616720864397727,0.22719622660655275,"{'mean_distance': 0.3923588693141937, 'std_distance': 0.14996924996376038}","{'mean_distance': 0.3945736885070801, 'std_distance': 0.13384617865085602}","{'mean_distance': 0.2531711459159851, 'std_distance': 0.12637768685817719}",English
Llama-3.1-8B-Instruct-eng-history,../../data/processed/eng_test_history.json,0.07889332358701306,0.24474237644584648,0.11456978256829585,0.05112737341772152,0.03307968716973156,0.950696112061397,0.9518725498373509,11412,11989,0.22585881820804954,0.052148858997280494,0.2157966818781179,0.21710722336129828,"{'mean_distance': 0.39554524421691895, 'std_distance': 0.1462388038635254}","{'mean_distance': 0.3999667167663574, 'std_distance': 0.12701080739498138}","{'mean_distance': 0.25726601481437683, 'std_distance': 0.1276751458644867}",English
Llama-3.1-8B-Instruct-eng-history,../../data/processed/eng_test_history.json,0.07993514044833731,0.2433403434980722,0.11707860992380599,0.05300632911392405,0.03434791798774044,0.9419064856586864,0.9435303844563869,11412,12095,0.23085943868197567,0.05806293846172994,0.22246751789951894,0.22361872007515848,"{'mean_distance': 0.40035220980644226, 'std_distance': 0.1512347012758255}","{'mean_distance': 0.4027981460094452, 'std_distance': 0.13178081810474396}","{'mean_distance': 0.2601111829280853, 'std_distance': 0.13160181045532227}",English
